{"version":1,"index":0,"parentId":"4F0A515E-D1F5-4B48-AE46-2F3804923377","color":{"r":0,"b":0.8901960784313725,"g":0.396078431372549,"a":1}}